source,target,value
1485,1485,1
1485,IFLS123,1
김설아 교수님,IFLS123,1
김설아 교수님,IFLS124,1
1485,LESE321,1
박호정 교수님,LESE321,1
박호정 교수님,LESE321,1
1485,23994,1
23994,KORE112,1
김정숙 교수님,KORE112,1
김정숙 교수님,KORE202,1
1485,19490,1
19490,SEDU206,1
김형주 교수님,SEDU206,1
김형주 교수님,SEDU206,1
19490,GEST030,1
김승욱 교수님,GEST030,1
김승욱 교수님,GEST044,1
1485,16073,1
16073,PSYC121,1
김근향 교수님,PSYC121,1
김근향 교수님,PSYC121,1
16073,ECON202,1
신관호 교수님,ECON202,1
신관호 교수님,ECON202,1
1485,11542,1
11542,GERM119,1
정명순 교수님,GERM119,1
정명순 교수님,IFLS122,1
11542,PSYC212,1
김현택 교수님,PSYC212,1
김현택 교수님,PSYC415,1
1485,4448,1
4448,SEDU101,1
전민호 교수님,SEDU101,1
전민호 교수님,SEDU202,1
4448,GELA077,1
편장완 교수님,GELA077,1
편장완 교수님,GELA077,1
1485,22665,1
22665,BUSS205,1
석관호 교수님,BUSS205,1
석관호 교수님,BUSS205,1
22665,BUSS207,1
장하성 교수님,BUSS207,1
장하성 교수님,GEKS001,1
1485,24353,1
24353,CHEM155,1
이성언 교수님,CHEM155,1
이성언 교수님,CHEM155,1
24353,MATH161,1
오정용 교수님,MATH161,1
오정용 교수님,MATH162,1
1485,11380,1
11380,GERM131,1
김용현 교수님,GERM131,1
김용현 교수님,PHEK470,1
11380,HOKA151,1
김경란 교수님,HOKA151,1
김경란 교수님,HOKA107,1
1485,13023,1
13023,GETE001,1
이주라 교수님,GETE001,1
이주라 교수님,GETE002,1
13023,GESO068,1
김철규 교수님,GESO068,1
김철규 교수님,SOCI255,1
