source,target,value
1499,2910,1
2910,KORE215,1
엄기영 교수님,KORE215,1
엄기영 교수님,KORE410,1
2910,KORE208,1
신지영 교수님,KORE208,1
신지영 교수님,KORE203,1
1499,1965,1
1965,IFLS159,1
Jason M. Sander 교수님,IFLS159,1
Jason M. Sander 교수님,IFLS159,1
1965,SOCI373,1
김진영 교수님,SOCI373,1
김진영 교수님,ECON460,1
1499,1499,1
1499,3612,1
3612,SOCI273,1
조한범 교수님,SOCI273,1
조한범 교수님,SOCI273,1
1499,2768,1
2768,SOCI293,1
박형신 교수님,SOCI293,1
박형신 교수님,SOCI203,1
2768,SOCI203,1
박형신 교수님,SOCI203,1
박형신 교수님,SOCI203,1
1499,7536,1
7536,SOCI293,1
박형신 교수님,SOCI293,1
박형신 교수님,SOCI203,1
7536,GERM117,1
이경미 교수님,GERM117,1
이경미 교수님,GERM117,1
1499,12816,1
12816,SOCI315,1
고형면 교수님,SOCI315,1
고형면 교수님,SOCI315,1
12816,MATH222,1
김홍중 교수님,MATH222,1
김홍중 교수님,GEKS001,1
1499,1656,1
1656,SOCI294,1
김선업 교수님,SOCI294,1
김선업 교수님,LALW112,1
1656,SOCI240,1
홍은화 교수님,SOCI240,1
홍은화 교수님,SOCI111,1
1499,10210,1
1499,1439,1
1439,PAPP209,1
염재호 교수님,PAPP209,1
염재호 교수님,PAPP314,1
1439,SOCI202,1
박형신 교수님,SOCI202,1
박형신 교수님,SOCI203,1
