source,target,value
1505,1505,1
1505,IFLS139,1
김선 교수님,IFLS139,1
김선 교수님,IFLS178,1
1505,CHIN326,1
김지선 교수님,CHIN326,1
김지선 교수님,CHIN342,1
1505,23994,1
23994,KORE112,1
김정숙 교수님,KORE112,1
김정숙 교수님,KORE202,1
1505,22504,1
22504,PHIL413,1
김형찬 교수님,PHIL413,1
김형찬 교수님,PHIL311,1
22504,PHIL226,1
조성택 교수님,PHIL226,1
조성택 교수님,PHIL335,1
1505,16073,1
16073,PSYC121,1
김근향 교수님,PSYC121,1
김근향 교수님,PSYC121,1
16073,ECON202,1
신관호 교수님,ECON202,1
신관호 교수님,ECON202,1
1505,11542,1
11542,GERM119,1
정명순 교수님,GERM119,1
정명순 교수님,IFLS122,1
11542,PSYC212,1
김현택 교수님,PSYC212,1
김현택 교수님,PSYC415,1
1505,4448,1
4448,SEDU101,1
김학천 교수님,SEDU101,1
김학천 교수님,SEDU101,1
4448,GELA077,1
편장완 교수님,GELA077,1
편장완 교수님,GELA077,1
1505,120,1
120,IFLS126,1
김희경,유현아 교수님,IFLS126,1
김희경,유현아 교수님,IFLS126,1
120,BUSS311,1
전재욱 교수님,BUSS311,1
전재욱 교수님,BUSS003,1
1505,9418,1
9418,POLI107,1
허인혜 교수님,POLI107,1
허인혜 교수님,POLI107,1
9418,JURA150,1
김제완 교수님,JURA150,1
김제완 교수님,JURA154,1
1505,24353,1
24353,CHEM155,1
이성언 교수님,CHEM155,1
이성언 교수님,CHEM155,1
24353,MATH161,1
오정용 교수님,MATH161,1
오정용 교수님,MATH162,1
1505,11380,1
11380,GERM131,1
김용현 교수님,GERM131,1
김용현 교수님,PHEK470,1
11380,HOKA151,1
김경란 교수님,HOKA151,1
김경란 교수님,HOKA107,1
