source,target,value
1742,1031,1
1031,STAT241,1
조영경 교수님,STAT241,1
조영경 교수님,STAT201,1
1031,SOCI203,1
김문조 교수님,SOCI203,1
김문조 교수님,SOCI203,1
1742,3663,1
3663,SOCI203,1
김문조 교수님,SOCI203,1
김문조 교수님,SOCI203,1
3663,SOCI202,1
박형신 교수님,SOCI202,1
박형신 교수님,SOCI203,1
1742,1742,1
1742,SOCI202,1
박형신 교수님,SOCI202,1
박형신 교수님,SOCI203,1
1742,SOCI203,1
김문조 교수님,SOCI203,1
김문조 교수님,SOCI203,1
1742,1869,1
1869,ARDE123,1
신혜영 교수님,ARDE123,1
신혜영 교수님,ARDE123,1
1869,GEFC076,1
김진규 교수님,GEFC076,1
김진규 교수님,ACEE222,1
1742,19490,1
19490,SEDU206,1
김형주 교수님,SEDU206,1
김형주 교수님,SEDU206,1
19490,GEST030,1
김승욱 교수님,GEST030,1
김승욱 교수님,GEST044,1
1742,6341,1
6341,KECE451,1
이상빈 교수님,KECE451,1
이상빈 교수님,KECE205,1
6341,KEEE301,1
김규태 교수님,KEEE301,1
김규태 교수님,KEEE301,1
1742,14981,1
14981,STAT344,1
차재형 교수님,STAT344,1
차재형 교수님,STAT344,1
14981,ENGL151,1
이희경 교수님,ENGL151,1
이희경 교수님,IFLS164,1
1742,16073,1
16073,PSYC121,1
김근향 교수님,PSYC121,1
김근향 교수님,PSYC121,1
16073,ECON202,1
신관호 교수님,ECON202,1
신관호 교수님,ECON202,1
1742,16239,1
16239,GEST120,1
곽지현 교수님,GEST120,1
곽지현 교수님,GEST120,1
1742,11542,1
11542,GERM119,1
정명순 교수님,GERM119,1
정명순 교수님,IFLS122,1
11542,PSYC212,1
김현택 교수님,PSYC212,1
김현택 교수님,PSYC415,1
