source,target,value
20737,20737,1
20737,CHIN240,1
신봉수 교수님,CHIN240,1
신봉수 교수님,CHIN240,1
20737,JMCO203,1
심재철 교수님,JMCO203,1
심재철 교수님,JMCO361,1
20737,23994,1
23994,KORE112,1
김정숙 교수님,KORE112,1
김정숙 교수님,KORE202,1
20737,19490,1
19490,SEDU206,1
김형주 교수님,SEDU206,1
김형주 교수님,SEDU206,1
19490,GEST030,1
김승욱 교수님,GEST030,1
김승욱 교수님,GEST044,1
20737,6341,1
6341,KECE451,1
이상빈 교수님,KECE451,1
이상빈 교수님,KECE205,1
6341,KEEE301,1
김규태 교수님,KEEE301,1
김규태 교수님,KEEE301,1
20737,14981,1
14981,STAT344,1
차재형 교수님,STAT344,1
차재형 교수님,STAT344,1
14981,ENGL151,1
이희경 교수님,ENGL151,1
이희경 교수님,IFLS164,1
20737,16073,1
16073,PSYC121,1
김근향 교수님,PSYC121,1
김근향 교수님,PSYC121,1
16073,ECON202,1
신관호 교수님,ECON202,1
신관호 교수님,ECON202,1
20737,11542,1
11542,PSYC212,1
김현택 교수님,PSYC212,1
김현택 교수님,PSYC415,1
11542,GERM119,1
정명순 교수님,GERM119,1
정명순 교수님,IFLS122,1
20737,17526,1
17526,IFLS156,1
Dwayne R. Crites 교수님,IFLS156,1
Dwayne R. Crites 교수님,IFLS156,1
17526,PHIL155,1
전영삼 교수님,PHIL155,1
전영삼 교수님,GETE001,1
20737,23442,1
23442,KORE224,1
김기형 교수님,KORE224,1
김기형 교수님,KORE310,1
23442,ARDE153,1
강태성 교수님,ARDE153,1
강태성 교수님,ARDE153,1
20737,9418,1
9418,POLI107,1
허인혜 교수님,POLI107,1
허인혜 교수님,POLI107,1
9418,JURA150,1
김제완 교수님,JURA150,1
김제완 교수님,JURA154,1
