source,target,value
2162,91,1
91,POLI102,1
김두진 교수님,POLI102,1
김두진 교수님,POLI424,1
91,ECON120,1
이국헌 교수님,ECON120,1
이국헌 교수님,ECON203,1
2162,19418,1
19418,GEOG101,1
손승호 교수님,GEOG101,1
손승호 교수님,GEOG151,1
19418,HISE104,1
김진우 교수님,HISE104,1
김진우 교수님,HOEW203,1
2162,18893,1
18893,HOKA152,1
이정일 교수님,HOKA152,1
이정일 교수님,HISE151,1
18893,GESO026,1
이준일 교수님,GESO026,1
이준일 교수님,JURA228,1
2162,13849,1
13849,KORE144,1
박건식 교수님,KORE144,1
박건식 교수님,KORE144,1
13849,GETE001,1
류경동 교수님,GETE001,1
류경동 교수님,GETE001,1
2162,10431,1
10431,IFLS159,1
Dara Seamus Fox 교수님,IFLS159,1
Dara Seamus Fox 교수님,IFLS004,1
10431,GEOG101,1
손승호 교수님,GEOG101,1
손승호 교수님,GEOG151,1
2162,8040,1
8040,LIBS482,1
구만복 교수님,LIBS482,1
구만복 교수님,LIBS483,1
8040,LIST203,1
한성옥 교수님,LIST203,1
한성옥 교수님,LIST203,1
2162,10343,1
10343,GESO017,1
김대호 교수님,GESO017,1
김대호 교수님,EGRN111,1
10343,GEOG101,1
손승호 교수님,GEOG101,1
손승호 교수님,GEOG151,1
2162,16969,1
16969,GEOG101,1
손승호 교수님,GEOG101,1
손승호 교수님,GEOG151,1
16969,PHIL110,1
전영삼 교수님,PHIL110,1
전영삼 교수님,GETE001,1
2162,14686,1
14686,GEOG101,1
손승호 교수님,GEOG101,1
손승호 교수님,GEOG151,1
14686,MATH161,1
장정환 교수님,MATH161,1
장정환 교수님,MATH240,1
2162,9757,1
9757,GETE004,1
손정순 교수님,GETE004,1
손정순 교수님,GETE001,1
9757,MATH162,1
조영경 교수님,MATH162,1
조영경 교수님,STAT201,1
