source,target,value
2254,2254,1
2254,SOCI117,1
김선업 교수님,SOCI117,1
김선업 교수님,LALW112,1
2254,ARDE133,1
최재희 교수님,ARDE133,1
최재희 교수님,HOEW128,1
2254,5396,1
5396,PAPP150,1
한승주 교수님,PAPP150,1
한승주 교수님,PAPP150,1
5396,HOKA122,1
김순남 교수님,HOKA122,1
김순남 교수님,GETE003,1
2254,1869,1
1869,ARDE123,1
신혜영 교수님,ARDE123,1
신혜영 교수님,ARDE123,1
1869,GEFC076,1
김진규 교수님,GEFC076,1
김진규 교수님,ACEE222,1
2254,19490,1
19490,SEDU206,1
김형주 교수님,SEDU206,1
김형주 교수님,SEDU206,1
19490,GEST030,1
김승욱 교수님,GEST030,1
김승욱 교수님,GEST044,1
2254,6341,1
6341,KECE451,1
이상빈 교수님,KECE451,1
이상빈 교수님,KECE205,1
6341,KEEE301,1
김규태 교수님,KEEE301,1
김규태 교수님,KEEE301,1
2254,14981,1
14981,STAT344,1
차재형 교수님,STAT344,1
차재형 교수님,STAT344,1
14981,ENGL151,1
이희경 교수님,ENGL151,1
이희경 교수님,IFLS164,1
2254,16073,1
16073,PSYC121,1
김근향 교수님,PSYC121,1
김근향 교수님,PSYC121,1
16073,ECON202,1
신관호 교수님,ECON202,1
신관호 교수님,ECON202,1
2254,16239,1
16239,GEST120,1
곽지현 교수님,GEST120,1
곽지현 교수님,GEST120,1
2254,11542,1
11542,PSYC212,1
김현택 교수님,PSYC212,1
김현택 교수님,PSYC415,1
11542,GERM119,1
정명순 교수님,GERM119,1
정명순 교수님,IFLS122,1
2254,17526,1
17526,IFLS156,1
Dwayne R. Crites 교수님,IFLS156,1
Dwayne R. Crites 교수님,IFLS156,1
17526,PHIL155,1
전영삼 교수님,PHIL155,1
전영삼 교수님,GETE001,1
