source,target,value
3297,6055,1
6055,GEHI034,1
박현숙 교수님,GEHI034,1
박현숙 교수님,HISE348,1
6055,ECON201,1
김석일 교수님,ECON201,1
김석일 교수님,ECON201,1
3297,5968,1
5968,KHHM247,1
김진희 교수님,KHHM247,1
김진희 교수님,KHHM244,1
5968,GEHI034,1
박현숙 교수님,GEHI034,1
박현숙 교수님,HISE348,1
3297,15663,1
15663,GEHI034,1
박현숙 교수님,GEHI034,1
박현숙 교수님,HISE348,1
3297,14980,1
14980,HOEW201,1
최호근 교수님,HOEW201,1
최호근 교수님,HOEW416,1
14980,GEHI034,1
박현숙 교수님,GEHI034,1
박현숙 교수님,HISE348,1
3297,5405,1
5405,GEHI034,1
박현숙 교수님,GEHI034,1
박현숙 교수님,HISE348,1
5405,IFLS159,1
Karl M. Johnson 교수님,IFLS159,1
Karl M. Johnson 교수님,IFLS003,1
3297,14684,1
14684,IFLS004,1
Laura M. Kennedy 교수님,IFLS004,1
Laura M. Kennedy 교수님,IFLS153,1
14684,IFLS122,1
송민정,이정린 교수님,IFLS122,1
송민정,이정린 교수님,IFLS122,1
3297,14147,1
14147,ENGL236,1
강상구 교수님,ENGL236,1
강상구 교수님,ENGL211,1
14147,GEHI034,1
박현숙 교수님,GEHI034,1
박현숙 교수님,HISE348,1
3297,10421,1
10421,SEDU313,1
정주영 교수님,SEDU313,1
정주영 교수님,SEDU313,1
10421,GEHI034,1
박현숙 교수님,GEHI034,1
박현숙 교수님,HISE348,1
3297,3297,1
3297,20605,1
20605,GEHI034,1
박현숙 교수님,GEHI034,1
박현숙 교수님,HISE348,1
20605,PAPP341,1
최영준 교수님,PAPP341,1
최영준 교수님,PAPP341,1
