source,target,value
4473,5003,1
5003,SOCI464,1
정일준 교수님,SOCI464,1
정일준 교수님,SOCI292,1
4473,1465,1
1465,SOCI240,1
홍은화 교수님,SOCI240,1
홍은화 교수님,SOCI111,1
1465,SOCI202,1
박형신 교수님,SOCI202,1
박형신 교수님,SOCI203,1
4473,8113,1
8113,SOCI202,1
박형신 교수님,SOCI202,1
박형신 교수님,SOCI203,1
8113,SOCI205,1
이명진 교수님,SOCI205,1
이명진 교수님,SOCI262,1
4473,2955,1
2955,SOCI202,1
박형신 교수님,SOCI202,1
박형신 교수님,SOCI203,1
2955,IFLS160,1
Athena Pichay Shin 교수님,IFLS160,1
Athena Pichay Shin 교수님,IFLS003,1
4473,4557,1
4557,SOCI202,1
박형신 교수님,SOCI202,1
박형신 교수님,SOCI203,1
4557,SOCI255,1
김철규 교수님,SOCI255,1
김철규 교수님,SOCI255,1
4473,2542,1
2542,HANM120,1
권혁명 교수님,HANM120,1
권혁명 교수님,GETE004,1
2542,SOCI202,1
박형신 교수님,SOCI202,1
박형신 교수님,SOCI203,1
4473,1650,1
1650,SOCI225,1
조대엽 교수님,SOCI225,1
조대엽 교수님,SOCI465,1
1650,SOCI232,1
박길성 교수님,SOCI232,1
박길성 교수님,SOCI232,1
4473,4473,1
4473,2350,1
2350,PAPP241,1
김희강 교수님,PAPP241,1
김희강 교수님,PAPP241,1
2350,SOCI225,1
조대엽 교수님,SOCI225,1
조대엽 교수님,SOCI465,1
4473,4003,1
4003,SOCI202,1
박형신 교수님,SOCI202,1
박형신 교수님,SOCI203,1
4003,SOCI255,1
김철규 교수님,SOCI255,1
김철규 교수님,SOCI255,1
