source,target,value
4522,1119,1
1119,KHPM301,1
이종태 교수님,KHPM301,1
이종태 교수님,KHEH404,1
1119,ECON120,1
배근후 교수님,ECON120,1
배근후 교수님,ECON120,1
4522,11990,1
11990,GECE051,1
김창래 교수님,GECE051,1
김창래 교수님,PHIL431,1
11990,HANM120,1
김정숙 교수님,HANM120,1
김정숙 교수님,KORE202,1
4522,698,1
698,LIBS150,1
김지현 교수님,LIBS150,1
김지현 교수님,CHBE218,1
698,SOCI151,1
박형신 교수님,SOCI151,1
박형신 교수님,SOCI203,1
4522,9434,1
9434,SOCI151,1
박형신 교수님,SOCI151,1
박형신 교수님,SOCI203,1
9434,BUSS205,1
김지윤 교수님,BUSS205,1
김지윤 교수님,BUSS205,1
4522,2347,1
2347,BUSS215,1
이재남 교수님,BUSS215,1
이재남 교수님,BUSS215,1
2347,SOCI151,1
박형신 교수님,SOCI151,1
박형신 교수님,SOCI203,1
4522,16953,1
16953,ECON120,1
배근후 교수님,ECON120,1
배근후 교수님,ECON120,1
16953,GEST079,1
심우경 교수님,GEST079,1
심우경 교수님,LIET343,1
4522,17962,1
17962,BUSS313,1
문정빈 교수님,BUSS313,1
문정빈 교수님,BUSS327,1
17962,BUSS205,1
김지윤 교수님,BUSS205,1
김지윤 교수님,BUSS205,1
4522,688,1
688,BUSS205,1
김지윤 교수님,BUSS205,1
김지윤 교수님,BUSS205,1
688,BUSS161,1
김진배 교수님,BUSS161,1
김진배 교수님,BUSS161,1
4522,4522,1
4522,SOCI151,1
박형신 교수님,SOCI151,1
박형신 교수님,SOCI203,1
4522,BUSS205,1
김지윤 교수님,BUSS205,1
김지윤 교수님,BUSS205,1
4522,7871,1
7871,JURA242,1
김규완 교수님,JURA242,1
김규완 교수님,JURA242,1
7871,ECON150,1
김혜영 교수님,ECON150,1
김혜영 교수님,ECON150,1
