source,target,value
4950,4950,1
4950,GERM114,1
문광훈 교수님,GERM114,1
문광훈 교수님,GERM114,1
4950,GERM102,1
이경미 교수님,GERM102,1
이경미 교수님,GERM117,1
4950,18502,1
18502,GERM114,1
문광훈 교수님,GERM114,1
문광훈 교수님,GERM114,1
18502,GERM102,1
이경미 교수님,GERM102,1
이경미 교수님,GERM117,1
4950,4519,1
4519,SOCI151,1
민웅기 교수님,SOCI151,1
민웅기 교수님,SOCI151,1
4519,GERM102,1
이경미 교수님,GERM102,1
이경미 교수님,GERM117,1
4950,24952,1
24952,GERM102,1
이경미 교수님,GERM102,1
이경미 교수님,GERM117,1
24952,GERM114,1
문광훈 교수님,GERM114,1
문광훈 교수님,GERM114,1
4950,1869,1
1869,ARDE123,1
신혜영 교수님,ARDE123,1
신혜영 교수님,ARDE123,1
1869,GEFC076,1
김진규 교수님,GEFC076,1
김진규 교수님,ACEE222,1
4950,19490,1
19490,SEDU206,1
김형주 교수님,SEDU206,1
김형주 교수님,SEDU206,1
19490,GEST030,1
김승욱 교수님,GEST030,1
김승욱 교수님,GEST044,1
4950,6341,1
6341,KECE451,1
이상빈 교수님,KECE451,1
이상빈 교수님,KECE205,1
6341,KEEE301,1
김규태 교수님,KEEE301,1
김규태 교수님,KEEE301,1
4950,14981,1
14981,STAT344,1
차재형 교수님,STAT344,1
차재형 교수님,STAT344,1
14981,ENGL151,1
이희경 교수님,ENGL151,1
이희경 교수님,IFLS164,1
4950,16073,1
16073,PSYC121,1
김근향 교수님,PSYC121,1
김근향 교수님,PSYC121,1
16073,ECON202,1
신관호 교수님,ECON202,1
신관호 교수님,ECON202,1
4950,16239,1
16239,GEST120,1
곽지현 교수님,GEST120,1
곽지현 교수님,GEST120,1
