source,target,value
5300,5300,1
5300,SPAN101,1
김선욱 교수님,SPAN101,1
김선욱 교수님,SPAN332,1
5300,KHFN221,1
정혜연 교수님,KHFN221,1
정혜연 교수님,KHFN221,1
5300,1869,1
1869,ARDE123,1
신혜영 교수님,ARDE123,1
신혜영 교수님,ARDE123,1
1869,GEFC076,1
김진규 교수님,GEFC076,1
김진규 교수님,ACEE222,1
5300,19490,1
19490,SEDU206,1
김형주 교수님,SEDU206,1
김형주 교수님,SEDU206,1
19490,GEST030,1
김승욱 교수님,GEST030,1
김승욱 교수님,GEST044,1
5300,6341,1
6341,KECE451,1
이상빈 교수님,KECE451,1
이상빈 교수님,KECE205,1
6341,KEEE301,1
김규태 교수님,KEEE301,1
김규태 교수님,KEEE301,1
5300,14981,1
14981,STAT344,1
차재형 교수님,STAT344,1
차재형 교수님,STAT344,1
14981,ENGL151,1
이희경 교수님,ENGL151,1
이희경 교수님,IFLS164,1
5300,16073,1
16073,PSYC121,1
김근향 교수님,PSYC121,1
김근향 교수님,PSYC121,1
16073,ECON202,1
신관호 교수님,ECON202,1
신관호 교수님,ECON202,1
5300,16239,1
16239,GEST120,1
곽지현 교수님,GEST120,1
곽지현 교수님,GEST120,1
5300,11542,1
11542,PSYC212,1
김현택 교수님,PSYC212,1
김현택 교수님,PSYC415,1
11542,GERM119,1
정명순 교수님,GERM119,1
정명순 교수님,IFLS122,1
5300,17526,1
17526,IFLS156,1
Dwayne R. Crites 교수님,IFLS156,1
Dwayne R. Crites 교수님,IFLS156,1
17526,PHIL155,1
전영삼 교수님,PHIL155,1
전영삼 교수님,GETE001,1
5300,23442,1
23442,KORE224,1
김기형 교수님,KORE224,1
김기형 교수님,KORE310,1
23442,ARDE153,1
강태성 교수님,ARDE153,1
강태성 교수님,ARDE153,1
