source,target,value
5476,13023,1
13023,GETE001,1
최은옥 교수님,GETE001,1
최은옥 교수님,GETE003,1
13023,GESO068,1
김철규 교수님,GESO068,1
김철규 교수님,SOCI255,1
5476,10893,1
10893,GEST091,1
이영재 교수님,GEST091,1
이영재 교수님,EAES309,1
10893,GETE001,1
최은옥 교수님,GETE001,1
최은옥 교수님,GETE003,1
5476,19713,1
19713,GETE001,1
최은옥 교수님,GETE001,1
최은옥 교수님,GETE003,1
19713,KECE201,1
도낙주 교수님,KECE201,1
도낙주 교수님,KEEE201,1
5476,19375,1
19375,MECH215,1
강용태 교수님,MECH215,1
강용태 교수님,MECH215,1
19375,MECH201,1
윤석구 교수님,MECH201,1
윤석구 교수님,MECH418,1
5476,22908,1
22908,GETE001,1
최은옥 교수님,GETE001,1
최은옥 교수님,GETE003,1
22908,IFLS003,1
Matthew Courtney 교수님,IFLS003,1
Matthew Courtney 교수님,IFLS003,1
5476,1623,1
1623,GETE001,1
최은옥 교수님,GETE001,1
최은옥 교수님,GETE003,1
1623,GEST043,1
변우혁,손요환 교수님,GEST043,1
변우혁,손요환 교수님,GEST043,1
5476,13834,1
13834,GETE001,1
최은옥 교수님,GETE001,1
최은옥 교수님,GETE003,1
5476,23518,1
23518,IFLS100,1
Michael A. Mumford 교수님,IFLS100,1
Michael A. Mumford 교수님,IFLS153,1
23518,IFLS120,1
양의춘 교수님,IFLS120,1
양의춘 교수님,IFLS106,1
5476,19388,1
19388,GESO026,1
이준일 교수님,GESO026,1
이준일 교수님,JURA228,1
19388,PMED201,1
김현수 교수님,PMED201,1
김현수 교수님,JURA150,1
5476,17724,1
17724,GETE001,1
최은옥 교수님,GETE001,1
최은옥 교수님,GETE003,1
