source,target,value
6926,10893,1
10893,GEST091,1
이영재 교수님,GEST091,1
이영재 교수님,EAES309,1
10893,GETE001,1
김지연 교수님,GETE001,1
김지연 교수님,IFLS189,1
6926,10286,1
10286,GEFC069,1
김언종 교수님,GEFC069,1
김언종 교수님,HANM241,1
10286,SEDU101,1
예철해 교수님,SEDU101,1
예철해 교수님,SEDU101,1
6926,17225,1
17225,IFLS129,1
백윤정 교수님,IFLS129,1
백윤정 교수님,IFLS129,1
17225,POLI101,1
정성윤 교수님,POLI101,1
정성윤 교수님,POLI379,1
6926,18530,1
18530,BUSS215,1
이재남 교수님,BUSS215,1
이재남 교수님,BUSS215,1
18530,BUSS152,1
정석우 교수님,BUSS152,1
정석우 교수님,BUSS361,1
6926,803,1
803,BUSS402,1
김언수 교수님,BUSS402,1
김언수 교수님,BUSS402,1
803,BUSS205,1
유시진 교수님,BUSS205,1
유시진 교수님,BUSS252,1
6926,429,1
429,JAPN247,1
치바사유리 교수님,JAPN247,1
치바사유리 교수님,JAPN248,1
429,JAPN243,1
이충호 교수님,JAPN243,1
이충호 교수님,IFLS254,1
6926,9609,1
9609,LIET201,1
손요환 교수님,LIET201,1
손요환 교수님,LIET201,1
9609,PHIL104,1
홍은영 교수님,PHIL104,1
홍은영 교수님,PHIL104,1
6926,14695,1
14695,IFLS129,1
백윤정 교수님,IFLS129,1
백윤정 교수님,IFLS129,1
14695,HOKA212,1
박대재 교수님,HOKA212,1
박대재 교수님,HOKA201,1
6926,4347,1
4347,IFLS129,1
백윤정 교수님,IFLS129,1
백윤정 교수님,IFLS129,1
4347,ARDE437,1
조은정 교수님,ARDE437,1
조은정 교수님,ARDE437,1
6926,16752,1
16752,IFLS129,1
백윤정 교수님,IFLS129,1
백윤정 교수님,IFLS129,1
16752,PSYC464,1
한성열 교수님,PSYC464,1
한성열 교수님,PSYC464,1
