source,target,value
7078,7078,1
7078,ARDE133,1
최재희 교수님,ARDE133,1
최재희 교수님,HOEW128,1
7078,GEST061,1
이경훈 교수님,GEST061,1
이경훈 교수님,ARCH401,1
7078,1869,1
1869,ARDE123,1
신혜영 교수님,ARDE123,1
신혜영 교수님,ARDE123,1
1869,GEFC076,1
김진규 교수님,GEFC076,1
김진규 교수님,ACEE222,1
7078,22504,1
22504,PHIL413,1
김형찬 교수님,PHIL413,1
김형찬 교수님,PHIL311,1
22504,PHIL226,1
조성택 교수님,PHIL226,1
조성택 교수님,PHIL335,1
7078,16073,1
16073,PSYC121,1
김근향 교수님,PSYC121,1
김근향 교수님,PSYC121,1
16073,ECON202,1
신관호 교수님,ECON202,1
신관호 교수님,ECON202,1
7078,11542,1
11542,GERM119,1
정명순 교수님,GERM119,1
정명순 교수님,IFLS122,1
11542,PSYC212,1
김현택 교수님,PSYC212,1
김현택 교수님,PSYC415,1
7078,13290,1
13290,BUSS313,1
이장로 교수님,BUSS313,1
이장로 교수님,BUSS313,1
13290,PHEK106,1
김지은 교수님,PHEK106,1
김지은 교수님,PHEK354,1
7078,12763,1
12763,BMED311,1
이기성 교수님,BMED311,1
이기성 교수님,KHRS343,1
12763,BMED213,1
성준경 교수님,BMED213,1
성준경 교수님,KHBE324,1
7078,23442,1
23442,KORE224,1
김기형 교수님,KORE224,1
김기형 교수님,KORE310,1
23442,ARDE153,1
강태성 교수님,ARDE153,1
강태성 교수님,ARDE153,1
7078,9418,1
9418,POLI107,1
허인혜 교수님,POLI107,1
허인혜 교수님,POLI107,1
9418,JURA150,1
최우령 교수님,JURA150,1
최우령 교수님,JURA150,1
7078,23828,1
23828,HOKA112,1
변은진 교수님,HOKA112,1
변은진 교수님,HOKA109,1
23828,ECON120,1
신우진 교수님,ECON120,1
신우진 교수님,ECON203,1
