source,target,value
7863,13004,1
13004,CHBE207,1
이기봉 교수님,CHBE207,1
이기봉 교수님,CHBE421,1
13004,IFLS101,1
전계안 교수님,IFLS101,1
전계안 교수님,IFLS101,1
7863,6702,1
6702,CHBE223,1
방준하 교수님,CHBE223,1
방준하 교수님,CHBE416,1
6702,CHBE232,1
이관영 교수님,CHBE232,1
이관영 교수님,CHBE303,1
7863,11511,1
11511,IFLS004,1
Mirrell Desjardins 교수님,IFLS004,1
Mirrell Desjardins 교수님,IFLS003,1
11511,SPGE161,1
이민구 교수님,SPGE161,1
이민구 교수님,SPGE161,1
7863,7863,1
7863,CHBE303,1
송광호 교수님,CHBE303,1
송광호 교수님,CHBE326,1
7863,JURA150,1
김아름 교수님,JURA150,1
김아름 교수님,JURA150,1
7863,1869,1
1869,ARDE123,1
신혜영 교수님,ARDE123,1
신혜영 교수님,ARDE123,1
1869,GEFC076,1
김진규 교수님,GEFC076,1
김진규 교수님,ACEE222,1
7863,19490,1
19490,SEDU206,1
김형주 교수님,SEDU206,1
김형주 교수님,SEDU206,1
19490,GEST030,1
김승욱 교수님,GEST030,1
김승욱 교수님,GEST044,1
7863,6341,1
6341,KECE451,1
이상빈 교수님,KECE451,1
이상빈 교수님,KECE205,1
6341,KEEE301,1
김규태 교수님,KEEE301,1
김규태 교수님,KEEE301,1
7863,14981,1
14981,STAT344,1
차재형 교수님,STAT344,1
차재형 교수님,STAT344,1
14981,ENGL151,1
이희경 교수님,ENGL151,1
이희경 교수님,IFLS164,1
7863,16073,1
16073,PSYC121,1
김근향 교수님,PSYC121,1
김근향 교수님,PSYC121,1
16073,ECON202,1
신관호 교수님,ECON202,1
신관호 교수님,ECON202,1
7863,16239,1
16239,GEST120,1
곽지현 교수님,GEST120,1
곽지현 교수님,GEST120,1
