source,target,value
9707,9707,1
9707,HANM120,1
김재욱 교수님,HANM120,1
김재욱 교수님,HANM131,1
9707,RUSS468,1
최정현 교수님,RUSS468,1
최정현 교수님,RUSS468,1
9707,23994,1
23994,KORE112,1
김정숙 교수님,KORE112,1
김정숙 교수님,KORE202,1
9707,22504,1
22504,PHIL413,1
김형찬 교수님,PHIL413,1
김형찬 교수님,PHIL311,1
22504,PHIL226,1
조성택 교수님,PHIL226,1
조성택 교수님,PHIL335,1
9707,16073,1
16073,PSYC121,1
김근향 교수님,PSYC121,1
김근향 교수님,PSYC121,1
16073,ECON202,1
신관호 교수님,ECON202,1
신관호 교수님,ECON202,1
9707,11542,1
11542,PSYC212,1
김현택 교수님,PSYC212,1
김현택 교수님,PSYC415,1
11542,GERM119,1
정명순 교수님,GERM119,1
정명순 교수님,IFLS122,1
9707,4448,1
4448,SEDU101,1
김학천 교수님,SEDU101,1
김학천 교수님,SEDU101,1
4448,GELA077,1
편장완 교수님,GELA077,1
편장완 교수님,GELA077,1
9707,120,1
120,IFLS126,1
김희경,유현아 교수님,IFLS126,1
김희경,유현아 교수님,IFLS126,1
120,BUSS311,1
전재욱 교수님,BUSS311,1
