source,target,value
986,17038,1
17038,GEST024,1
나흥식 교수님,GEST024,1
나흥식 교수님,GEST024,1
17038,SOCI295,1
이명진 교수님,SOCI295,1
이명진 교수님,SOCI262,1
986,7493,1
7493,ECON110,1
김덕민 교수님,ECON110,1
김덕민 교수님,ECON110,1
7493,HOEW128,1
오인영 교수님,HOEW128,1
오인영 교수님,HOEW462,1
986,23101,1
23101,IFLS003,1
Silvia Kozlovska 교수님,IFLS003,1
Silvia Kozlovska 교수님,IFLS100,1
23101,HOEW128,1
오인영 교수님,HOEW128,1
오인영 교수님,HOEW462,1
986,17612,1
17612,HOEW128,1
오인영 교수님,HOEW128,1
오인영 교수님,HOEW462,1
17612,PSYC216,1
최준식 교수님,PSYC216,1
최준식 교수님,PSYC211,1
986,526,1
526,IFLS003,1
Silvia Kozlovska 교수님,IFLS003,1
Silvia Kozlovska 교수님,IFLS100,1
526,HANM120,1
김수경 교수님,HANM120,1
김수경 교수님,HANM120,1
986,12192,1
12192,IFLS003,1
Silvia Kozlovska 교수님,IFLS003,1
Silvia Kozlovska 교수님,IFLS100,1
12192,POLI358,1
주형민 교수님,POLI358,1
주형민 교수님,POLI358,1
986,18142,1
18142,JURA150,1
김제완 교수님,JURA150,1
김제완 교수님,JURA154,1
18142,IFLS003,1
Silvia Kozlovska 교수님,IFLS003,1
Silvia Kozlovska 교수님,IFLS100,1
986,6812,1
6812,GERM133,1
김인순 교수님,GERM133,1
김인순 교수님,GERM133,1
6812,LIBS357,1
고영규 교수님,LIBS357,1
고영규 교수님,LIBS154,1
986,16997,1
16997,HOEW152,1
김경현 교수님,HOEW152,1
김경현 교수님,HOEW128,1
16997,PHIL456,1
김성호 교수님,PHIL456,1
김성호 교수님,PHEK272,1
986,17868,1
17868,IFLS003,1
Silvia Kozlovska 교수님,IFLS003,1
Silvia Kozlovska 교수님,IFLS100,1
17868,HOEW128,1
오인영 교수님,HOEW128,1
오인영 교수님,HOEW462,1
